"INFORMATION TYPE","DATE","PERIOD","PRICE ($/MWh)","DEMAND (MW)"
"USEP","01 Jun 2014","1","161.44","5074.519"
"USEP","01 Jun 2014","2","150.02","4982.022"
"USEP","01 Jun 2014","3","145.31","4890.450"
"USEP","01 Jun 2014","4","128.25","4820.642"
"USEP","01 Jun 2014","5","122.21","4763.829"
"USEP","01 Jun 2014","6","122.87","4709.607"
"USEP","01 Jun 2014","7","119.96","4659.544"
"USEP","01 Jun 2014","8","119.03","4615.659"
"USEP","01 Jun 2014","9","118.45","4593.289"
"USEP","01 Jun 2014","10","119.04","4615.699"
"USEP","01 Jun 2014","11","119.04","4630.957"
"USEP","01 Jun 2014","12","119.03","4622.244"
"USEP","01 Jun 2014","13","119.27","4648.138"
"USEP","01 Jun 2014","14","119.27","4659.534"
"USEP","01 Jun 2014","15","119.42","4698.722"
"USEP","01 Jun 2014","16","122.96","4820.577"
"USEP","01 Jun 2014","17","131.60","4951.651"
"USEP","01 Jun 2014","18","141.11","5038.009"
"USEP","01 Jun 2014","19","145.23","5111.958"
"USEP","01 Jun 2014","20","147.22","5165.977"
"USEP","01 Jun 2014","21","126.60","5222.734"
"USEP","01 Jun 2014","22","127.02","5273.945"
"USEP","01 Jun 2014","23","147.41","5318.462"
"USEP","01 Jun 2014","24","139.22","5312.527"
"USEP","01 Jun 2014","25","147.22","5300.828"
"USEP","01 Jun 2014","26","137.44","5305.748"
"USEP","01 Jun 2014","27","149.85","5362.347"
"USEP","01 Jun 2014","28","147.36","5370.537"
"USEP","01 Jun 2014","29","147.17","5384.563"
"USEP","01 Jun 2014","30","145.30","5338.784"
"USEP","01 Jun 2014","31","147.43","5346.776"
"USEP","01 Jun 2014","32","133.75","5301.265"
"USEP","01 Jun 2014","33","124.97","5250.840"
"USEP","01 Jun 2014","34","135.77","5264.979"
"USEP","01 Jun 2014","35","147.43","5344.490"
"USEP","01 Jun 2014","36","159.91","5341.816"
"USEP","01 Jun 2014","37","145.20","5324.863"
"USEP","01 Jun 2014","38","124.04","5405.342"
"USEP","01 Jun 2014","39","145.27","5499.623"
"USEP","01 Jun 2014","40","147.42","5558.125"
"USEP","01 Jun 2014","41","150.01","5593.049"
"USEP","01 Jun 2014","42","151.06","5601.886"
"USEP","01 Jun 2014","43","151.99","5550.243"
"USEP","01 Jun 2014","44","145.26","5459.172"
"USEP","01 Jun 2014","45","127.19","5363.848"
"USEP","01 Jun 2014","46","123.70","5279.805"
"USEP","01 Jun 2014","47","160.98","5179.923"
"USEP","01 Jun 2014","48","126.46","5074.151"
"USEP","02 Jun 2014","1","120.44","4961.168"
"USEP","02 Jun 2014","2","121.30","4875.699"
"USEP","02 Jun 2014","3","121.37","4800.170"
"USEP","02 Jun 2014","4","121.43","4739.844"
"USEP","02 Jun 2014","5","121.29","4687.669"
"USEP","02 Jun 2014","6","120.43","4625.331"
"USEP","02 Jun 2014","7","118.56","4588.289"
"USEP","02 Jun 2014","8","118.26","4574.204"
"USEP","02 Jun 2014","9","118.24","4580.476"
"USEP","02 Jun 2014","10","118.22","4600.222"
"USEP","02 Jun 2014","11","117.32","4594.044"
"USEP","02 Jun 2014","12","114.61","4621.464"
"USEP","02 Jun 2014","13","118.24","4725.098"
"USEP","02 Jun 2014","14","120.57","5037.905"
"USEP","02 Jun 2014","15","118.81","5440.276"
"USEP","02 Jun 2014","16","120.59","5752.417"
"USEP","02 Jun 2014","17","121.52","6028.526"
"USEP","02 Jun 2014","18","121.54","6214.722"
"USEP","02 Jun 2014","19","121.53","6312.988"
"USEP","02 Jun 2014","20","123.26","6457.601"
"USEP","02 Jun 2014","21","137.52","6560.022"
"USEP","02 Jun 2014","22","137.60","6586.835"
"USEP","02 Jun 2014","23","139.65","6551.852"
"USEP","02 Jun 2014","24","137.60","6487.416"
"USEP","02 Jun 2014","25","125.60","6410.003"
"USEP","02 Jun 2014","26","125.61","6417.329"
"USEP","02 Jun 2014","27","135.55","6459.395"
"USEP","02 Jun 2014","28","133.48","6473.758"
"USEP","02 Jun 2014","29","153.65","6481.536"
"USEP","02 Jun 2014","30","153.64","6469.041"
"USEP","02 Jun 2014","31","153.53","6465.175"
"USEP","02 Jun 2014","32","160.92","6466.800"
"USEP","02 Jun 2014","33","123.91","6445.817"
"USEP","02 Jun 2014","34","124.91","6389.894"
"USEP","02 Jun 2014","35","122.24","6296.846"
"USEP","02 Jun 2014","36","124.51","6154.749"
"USEP","02 Jun 2014","37","152.16","6058.604"
"USEP","02 Jun 2014","38","160.57","6078.295"
"USEP","02 Jun 2014","39","133.33","6094.269"
"USEP","02 Jun 2014","40","133.33","6067.401"
"USEP","02 Jun 2014","41","127.48","6029.465"
"USEP","02 Jun 2014","42","125.57","5826.107"
"USEP","02 Jun 2014","43","116.27","5602.065"
"USEP","02 Jun 2014","44","114.61","5511.690"
"USEP","02 Jun 2014","45","117.31","5487.690"
"USEP","02 Jun 2014","46","113.47","5363.038"
"USEP","02 Jun 2014","47","108.73","5234.260"
"USEP","02 Jun 2014","48","107.27","5093.097"
"USEP","03 Jun 2014","1","119.47","4961.978"
"USEP","03 Jun 2014","2","119.17","4856.381"
"USEP","03 Jun 2014","3","118.35","4773.173"
"USEP","03 Jun 2014","4","118.23","4711.535"
"USEP","03 Jun 2014","5","118.11","4661.487"
"USEP","03 Jun 2014","6","117.45","4627.005"
"USEP","03 Jun 2014","7","102.25","4603.174"
"USEP","03 Jun 2014","8","89.82","4585.049"
"USEP","03 Jun 2014","9","89.82","4582.161"
"USEP","03 Jun 2014","10","102.32","4613.527"
"USEP","03 Jun 2014","11","114.67","4700.994"
"USEP","03 Jun 2014","12","116.61","4845.646"
"USEP","03 Jun 2014","13","118.43","5025.177"
"USEP","03 Jun 2014","14","118.32","5201.269"
"USEP","03 Jun 2014","15","116.73","5401.868"
"USEP","03 Jun 2014","16","118.46","5735.340"
"USEP","03 Jun 2014","17","120.30","6088.494"
"USEP","03 Jun 2014","18","122.25","6296.637"
"USEP","03 Jun 2014","19","152.19","6384.333"
"USEP","03 Jun 2014","20","155.49","6446.557"
"USEP","03 Jun 2014","21","147.35","6498.345"
"USEP","03 Jun 2014","22","147.38","6514.939"
"USEP","03 Jun 2014","23","256.26","6507.524"
"USEP","03 Jun 2014","24","223.67","6466.164"
"USEP","03 Jun 2014","25","296.69","6427.681"
"USEP","03 Jun 2014","26","556.49","6486.074"
"USEP","03 Jun 2014","27","293.43","6494.289"
"USEP","03 Jun 2014","28","270.99","6512.723"
"USEP","03 Jun 2014","29","271.00","6499.587"
"USEP","03 Jun 2014","30","243.74","6491.133"
"USEP","03 Jun 2014","31","154.01","6493.235"
"USEP","03 Jun 2014","32","244.84","6499.657"
"USEP","03 Jun 2014","33","271.06","6488.583"
"USEP","03 Jun 2014","34","235.04","6444.206"
"USEP","03 Jun 2014","35","147.41","6366.406"
"USEP","03 Jun 2014","36","142.55","6236.331"
"USEP","03 Jun 2014","37","140.47","6158.884"
"USEP","03 Jun 2014","38","139.08","6167.139"
"USEP","03 Jun 2014","39","147.63","6180.448"
"USEP","03 Jun 2014","40","152.72","6145.420"
"USEP","03 Jun 2014","41","130.26","6106.564"
"USEP","03 Jun 2014","42","147.64","6091.237"
"USEP","03 Jun 2014","43","146.57","6029.510"
"USEP","03 Jun 2014","44","145.65","5915.741"
"USEP","03 Jun 2014","45","146.58","5784.737"
"USEP","03 Jun 2014","46","124.95","5643.768"
"USEP","03 Jun 2014","47","124.23","5497.953"
"USEP","03 Jun 2014","48","139.88","5297.195"
"USEP","04 Jun 2014","1","168.24","5145.371"
"USEP","04 Jun 2014","2","162.10","5069.067"
"USEP","04 Jun 2014","3","147.46","4997.201"
"USEP","04 Jun 2014","4","145.32","4893.238"
"USEP","04 Jun 2014","5","144.89","4839.428"
"USEP","04 Jun 2014","6","121.45","4797.138"
"USEP","04 Jun 2014","7","121.44","4765.867"
"USEP","04 Jun 2014","8","121.38","4756.762"
"USEP","04 Jun 2014","9","121.45","4764.008"
"USEP","04 Jun 2014","10","121.44","4783.317"
"USEP","04 Jun 2014","11","121.60","4840.363"
"USEP","04 Jun 2014","12","122.51","4966.099"
"USEP","04 Jun 2014","13","124.60","5121.630"
"USEP","04 Jun 2014","14","129.68","5245.323"
"USEP","04 Jun 2014","15","121.33","5421.326"
"USEP","04 Jun 2014","16","121.56","5696.435"
"USEP","04 Jun 2014","17","122.49","5991.300"
"USEP","04 Jun 2014","18","225.68","6183.371"
"USEP","04 Jun 2014","19","269.24","6303.719"
"USEP","04 Jun 2014","20","271.04","6390.476"
"USEP","04 Jun 2014","21","271.12","6472.078"
"USEP","04 Jun 2014","22","238.01","6501.764"
"USEP","04 Jun 2014","23","225.87","6485.597"
"USEP","04 Jun 2014","24","203.34","6433.660"
"USEP","04 Jun 2014","25","135.30","6381.077"
"USEP","04 Jun 2014","26","124.05","6400.296"
"USEP","04 Jun 2014","27","127.51","6459.539"
"USEP","04 Jun 2014","28","175.80","6498.832"
"USEP","04 Jun 2014","29","146.66","6489.950"
"USEP","04 Jun 2014","30","121.59","6463.878"
"USEP","04 Jun 2014","31","121.62","6455.881"
"USEP","04 Jun 2014","32","122.39","6448.873"
"USEP","04 Jun 2014","33","129.25","6416.946"
"USEP","04 Jun 2014","34","125.95","6383.289"
"USEP","04 Jun 2014","35","124.29","6320.349"
"USEP","04 Jun 2014","36","122.50","6190.279"
"USEP","04 Jun 2014","37","114.61","6095.576"
"USEP","04 Jun 2014","38","114.48","6080.581"
"USEP","04 Jun 2014","39","121.19","6067.510"
"USEP","04 Jun 2014","40","119.27","6025.971"
"USEP","04 Jun 2014","41","118.24","5973.756"
"USEP","04 Jun 2014","42","122.10","5922.833"
"USEP","04 Jun 2014","43","121.25","5857.562"
"USEP","04 Jun 2014","44","118.51","5748.312"
"USEP","04 Jun 2014","45","118.37","5623.794"
"USEP","04 Jun 2014","46","116.10","5507.764"
"USEP","04 Jun 2014","47","111.75","5379.135"
"USEP","04 Jun 2014","48","110.44","5227.968"
"USEP","05 Jun 2014","1","120.05","5094.454"
"USEP","05 Jun 2014","2","118.09","5010.466"
"USEP","05 Jun 2014","3","115.35","4926.855"
"USEP","05 Jun 2014","4","115.28","4854.204"
"USEP","05 Jun 2014","5","114.42","4801.433"
"USEP","05 Jun 2014","6","110.42","4764.307"
"USEP","05 Jun 2014","7","110.40","4721.803"
"USEP","05 Jun 2014","8","109.15","4690.666"
"USEP","05 Jun 2014","9","109.11","4660.319"
"USEP","05 Jun 2014","10","109.11","4668.311"
"USEP","05 Jun 2014","11","110.42","4732.742"
"USEP","05 Jun 2014","12","115.30","4874.984"
"USEP","05 Jun 2014","13","115.45","5030.838"
"USEP","05 Jun 2014","14","118.25","5130.869"
"USEP","05 Jun 2014","15","116.61","5269.592"
"USEP","05 Jun 2014","16","118.29","5559.666"
"USEP","05 Jun 2014","17","119.50","5889.241"
"USEP","05 Jun 2014","18","120.19","6115.834"
"USEP","05 Jun 2014","19","124.46","6245.993"
"USEP","05 Jun 2014","20","137.04","6312.745"
"USEP","05 Jun 2014","21","138.07","6357.057"
"USEP","05 Jun 2014","22","137.43","6381.182"
"USEP","05 Jun 2014","23","127.96","6371.784"
"USEP","05 Jun 2014","24","125.58","6322.456"
"USEP","05 Jun 2014","25","124.57","6286.633"
"USEP","05 Jun 2014","26","126.94","6325.413"
"USEP","05 Jun 2014","27","136.97","6398.477"
"USEP","05 Jun 2014","28","128.01","6449.559"
"USEP","05 Jun 2014","29","125.71","6467.466"
"USEP","05 Jun 2014","30","124.60","6450.061"
"USEP","05 Jun 2014","31","123.34","6427.497"
"USEP","05 Jun 2014","32","121.44","6399.158"
"USEP","05 Jun 2014","33","118.48","6362.877"
"USEP","05 Jun 2014","34","116.65","6305.648"
"USEP","05 Jun 2014","35","116.62","6195.090"
"USEP","05 Jun 2014","36","119.51","6036.423"
"USEP","05 Jun 2014","37","119.43","5942.311"
"USEP","05 Jun 2014","38","119.51","5970.869"
"USEP","05 Jun 2014","39","119.61","6000.798"
"USEP","05 Jun 2014","40","119.61","5990.391"
"USEP","05 Jun 2014","41","119.61","5966.063"
"USEP","05 Jun 2014","42","125.46","5930.244"
"USEP","05 Jun 2014","43","121.20","5854.521"
"USEP","05 Jun 2014","44","119.59","5741.916"
"USEP","05 Jun 2014","45","119.36","5596.091"
"USEP","05 Jun 2014","46","118.27","5438.134"
"USEP","05 Jun 2014","47","118.15","5291.703"
"USEP","05 Jun 2014","48","116.81","5163.224"
"USEP","06 Jun 2014","1","120.43","5031.519"
"USEP","06 Jun 2014","2","120.18","4926.214"
"USEP","06 Jun 2014","3","119.15","4851.992"
"USEP","06 Jun 2014","4","118.51","4781.085"
"USEP","06 Jun 2014","5","114.39","4713.523"
"USEP","06 Jun 2014","6","114.56","4668.714"
"USEP","06 Jun 2014","7","119.30","4645.588"
"USEP","06 Jun 2014","8","120.02","4636.399"
"USEP","06 Jun 2014","9","120.01","4649.768"
"USEP","06 Jun 2014","10","120.05","4670.493"
"USEP","06 Jun 2014","11","120.12","4740.142"
"USEP","06 Jun 2014","12","122.29","4870.844"
"USEP","06 Jun 2014","13","128.83","5018.159"
"USEP","06 Jun 2014","14","132.16","5136.107"
"USEP","06 Jun 2014","15","114.92","5289.680"
"USEP","06 Jun 2014","16","120.29","5560.983"
"USEP","06 Jun 2014","17","121.44","5848.815"
"USEP","06 Jun 2014","18","124.33","6059.220"
"USEP","06 Jun 2014","19","129.39","6177.397"
"USEP","06 Jun 2014","20","149.48","6289.967"
"USEP","06 Jun 2014","21","191.24","6393.821"
"USEP","06 Jun 2014","22","244.17","6467.372"
"USEP","06 Jun 2014","23","270.88","6481.551"
"USEP","06 Jun 2014","24","270.74","6455.155"
"USEP","06 Jun 2014","25","270.71","6418.994"
"USEP","06 Jun 2014","26","270.73","6426.026"
"USEP","06 Jun 2014","27","270.79","6473.708"
"USEP","06 Jun 2014","28","270.72","6505.238"
"USEP","06 Jun 2014","29","190.92","6498.116"
"USEP","06 Jun 2014","30","151.02","6457.456"
"USEP","06 Jun 2014","31","132.97","6413.382"
"USEP","06 Jun 2014","32","131.48","6389.720"
"USEP","06 Jun 2014","33","131.45","6355.884"
"USEP","06 Jun 2014","34","126.76","6277.304"
"USEP","06 Jun 2014","35","131.50","6171.130"
"USEP","06 Jun 2014","36","154.32","6011.036"
"USEP","06 Jun 2014","37","151.06","5898.217"
"USEP","06 Jun 2014","38","151.67","5902.094"
"USEP","06 Jun 2014","39","160.12","5941.685"
"USEP","06 Jun 2014","40","153.10","5925.776"
"USEP","06 Jun 2014","41","153.10","5883.049"
"USEP","06 Jun 2014","42","182.29","5845.232"
"USEP","06 Jun 2014","43","156.53","5776.114"
"USEP","06 Jun 2014","44","150.04","5667.972"
"USEP","06 Jun 2014","45","141.34","5536.729"
"USEP","06 Jun 2014","46","124.30","5407.579"
"USEP","06 Jun 2014","47","124.25","5270.263"
"USEP","06 Jun 2014","48","141.23","5134.900"
"USEP","07 Jun 2014","1","131.52","5020.977"
"USEP","07 Jun 2014","2","121.12","4935.016"
"USEP","07 Jun 2014","3","120.98","4852.708"
"USEP","07 Jun 2014","4","145.63","4776.180"
"USEP","07 Jun 2014","5","141.21","4710.780"
"USEP","07 Jun 2014","6","120.49","4650.856"
"USEP","07 Jun 2014","7","120.32","4606.638"
"USEP","07 Jun 2014","8","120.33","4604.143"
"USEP","07 Jun 2014","9","120.23","4608.423"
"USEP","07 Jun 2014","10","120.35","4617.776"
"USEP","07 Jun 2014","11","120.35","4653.118"
"USEP","07 Jun 2014","12","120.50","4707.027"
"USEP","07 Jun 2014","13","121.11","4773.819"
"USEP","07 Jun 2014","14","121.22","4816.074"
"USEP","07 Jun 2014","15","121.21","4891.946"
"USEP","07 Jun 2014","16","141.16","5096.198"
"USEP","07 Jun 2014","17","147.40","5348.182"
"USEP","07 Jun 2014","18","148.27","5545.923"
"USEP","07 Jun 2014","19","169.45","5676.207"
"USEP","07 Jun 2014","20","169.19","5764.424"
"USEP","07 Jun 2014","21","183.38","5847.587"
"USEP","07 Jun 2014","22","175.45","5900.230"
"USEP","07 Jun 2014","23","147.49","5902.595"
"USEP","07 Jun 2014","24","147.55","5840.639"
"USEP","07 Jun 2014","25","147.34","5792.266"
"USEP","07 Jun 2014","26","147.49","5757.660"
"USEP","07 Jun 2014","27","134.59","5742.681"
"USEP","07 Jun 2014","28","141.46","5749.668"
"USEP","07 Jun 2014","29","146.07","5745.668"
"USEP","07 Jun 2014","30","140.33","5711.275"
"USEP","07 Jun 2014","31","129.28","5682.260"
"USEP","07 Jun 2014","32","141.52","5659.284"
"USEP","07 Jun 2014","33","127.38","5602.616"
"USEP","07 Jun 2014","34","124.97","5534.030"
"USEP","07 Jun 2014","35","121.44","5479.206"
"USEP","07 Jun 2014","36","121.30","5436.643"
"USEP","07 Jun 2014","37","121.44","5454.445"
"USEP","07 Jun 2014","38","140.47","5563.795"
"USEP","07 Jun 2014","39","141.48","5646.561"
"USEP","07 Jun 2014","40","141.47","5663.673"
"USEP","07 Jun 2014","41","141.47","5669.219"
"USEP","07 Jun 2014","42","141.49","5664.751"
"USEP","07 Jun 2014","43","141.49","5650.105"
"USEP","07 Jun 2014","44","134.61","5583.318"
"USEP","07 Jun 2014","45","138.99","5488.784"
"USEP","07 Jun 2014","46","147.48","5409.010"
"USEP","07 Jun 2014","47","141.48","5330.524"
"USEP","07 Jun 2014","48","147.46","5205.026"
"USEP","08 Jun 2014","1","141.39","5075.851"
"USEP","08 Jun 2014","2","136.16","4977.385"
"USEP","08 Jun 2014","3","131.10","4909.823"
"USEP","08 Jun 2014","4","131.09","4836.078"
"USEP","08 Jun 2014","5","122.35","4774.754"
"USEP","08 Jun 2014","6","122.27","4714.249"
"USEP","08 Jun 2014","7","121.21","4658.351"
"USEP","08 Jun 2014","8","121.25","4660.280"
"USEP","08 Jun 2014","9","122.26","4685.338"
"USEP","08 Jun 2014","10","122.26","4687.550"
"USEP","08 Jun 2014","11","121.26","4686.233"
"USEP","08 Jun 2014","12","121.14","4677.078"
"USEP","08 Jun 2014","13","121.14","4680.970"
"USEP","08 Jun 2014","14","121.20","4712.912"
"USEP","08 Jun 2014","15","122.17","4766.881"
"USEP","08 Jun 2014","16","122.34","4861.167"
"USEP","08 Jun 2014","17","131.07","4988.891"
"USEP","08 Jun 2014","18","135.28","5096.596"
"USEP","08 Jun 2014","19","132.05","5207.168"
"USEP","08 Jun 2014","20","145.73","5319.162"
"USEP","08 Jun 2014","21","131.19","5404.264"
"USEP","08 Jun 2014","22","139.05","5442.279"
"USEP","08 Jun 2014","23","139.05","5441.186"
"USEP","08 Jun 2014","24","136.71","5417.061"
"USEP","08 Jun 2014","25","134.88","5399.761"
"USEP","08 Jun 2014","26","132.89","5426.574"
"USEP","08 Jun 2014","27","136.96","5451.012"
"USEP","08 Jun 2014","28","131.17","5467.149"
"USEP","08 Jun 2014","29","136.92","5484.137"
"USEP","08 Jun 2014","30","131.33","5487.765"
"USEP","08 Jun 2014","31","131.32","5469.565"
"USEP","08 Jun 2014","32","141.44","5444.610"
"USEP","08 Jun 2014","33","132.47","5407.251"
"USEP","08 Jun 2014","34","132.88","5393.727"
"USEP","08 Jun 2014","35","134.90","5394.130"
"USEP","08 Jun 2014","36","148.48","5386.700"
"USEP","08 Jun 2014","37","147.27","5414.820"
"USEP","08 Jun 2014","38","148.50","5509.409"
"USEP","08 Jun 2014","39","155.09","5592.020"
"USEP","08 Jun 2014","40","157.40","5640.851"
"USEP","08 Jun 2014","41","155.10","5624.445"
"USEP","08 Jun 2014","42","166.47","5649.116"
"USEP","08 Jun 2014","43","179.88","5704.710"
"USEP","08 Jun 2014","44","175.30","5652.630"
"USEP","08 Jun 2014","45","155.01","5512.361"
"USEP","08 Jun 2014","46","148.55","5407.295"
"USEP","08 Jun 2014","47","154.05","5305.828"
"USEP","08 Jun 2014","48","148.56","5186.603"
"USEP","09 Jun 2014","1","132.00","5076.890"
"USEP","09 Jun 2014","2","129.71","4980.427"
"USEP","09 Jun 2014","3","121.23","4902.284"
"USEP","09 Jun 2014","4","120.24","4835.064"
"USEP","09 Jun 2014","5","119.38","4778.894"
"USEP","09 Jun 2014","6","119.31","4732.971"
"USEP","09 Jun 2014","7","118.24","4702.082"
"USEP","09 Jun 2014","8","117.04","4684.394"
"USEP","09 Jun 2014","9","116.50","4676.447"
"USEP","09 Jun 2014","10","116.30","4689.667"
"USEP","09 Jun 2014","11","116.37","4751.340"
"USEP","09 Jun 2014","12","119.30","4896.712"
"USEP","09 Jun 2014","13","122.24","5121.192"
"USEP","09 Jun 2014","14","121.27","5270.874"
"USEP","09 Jun 2014","15","116.16","5400.675"
"USEP","09 Jun 2014","16","119.40","5657.679"
"USEP","09 Jun 2014","17","123.31","6024.296"
"USEP","09 Jun 2014","18","126.31","6300.171"
"USEP","09 Jun 2014","19","146.51","6458.157"
"USEP","09 Jun 2014","20","151.78","6540.813"
"USEP","09 Jun 2014","21","160.74","6575.265"
"USEP","09 Jun 2014","22","165.82","6582.521"
"USEP","09 Jun 2014","23","150.03","6564.967"
"USEP","09 Jun 2014","24","131.46","6501.406"
"USEP","09 Jun 2014","25","146.59","6453.764"
"USEP","09 Jun 2014","26","144.98","6475.965"
"USEP","09 Jun 2014","27","147.50","6535.441"
"USEP","09 Jun 2014","28","149.59","6575.071"
"USEP","09 Jun 2014","29","167.46","6593.237"
"USEP","09 Jun 2014","30","202.50","6584.440"
"USEP","09 Jun 2014","31","271.04","6581.190"
"USEP","09 Jun 2014","32","271.02","6582.820"
"USEP","09 Jun 2014","33","271.03","6560.688"
"USEP","09 Jun 2014","34","225.89","6511.952"
"USEP","09 Jun 2014","35","168.37","6416.916"
"USEP","09 Jun 2014","36","131.39","6259.695"
"USEP","09 Jun 2014","37","126.30","6152.149"
"USEP","09 Jun 2014","38","127.60","6154.550"
"USEP","09 Jun 2014","39","128.61","6160.320"
"USEP","09 Jun 2014","40","126.29","6129.332"
"USEP","09 Jun 2014","41","126.30","6094.239"
"USEP","09 Jun 2014","42","130.62","6052.968"
"USEP","09 Jun 2014","43","125.26","5980.441"
"USEP","09 Jun 2014","44","122.43","5854.580"
"USEP","09 Jun 2014","45","121.25","5716.787"
"USEP","09 Jun 2014","46","119.38","5578.999"
"USEP","09 Jun 2014","47","118.45","5454.664"
"USEP","09 Jun 2014","48","118.18","5345.797"
"USEP","10 Jun 2014","1","123.34","5248.429"
"USEP","10 Jun 2014","2","121.43","5163.358"
"USEP","10 Jun 2014","3","120.49","5061.965"
"USEP","10 Jun 2014","4","120.34","4990.148"
"USEP","10 Jun 2014","5","120.20","4940.607"
"USEP","10 Jun 2014","6","118.62","4897.070"
"USEP","10 Jun 2014","7","118.49","4847.077"
"USEP","10 Jun 2014","8","118.49","4812.252"
"USEP","10 Jun 2014","9","118.47","4799.410"
"USEP","10 Jun 2014","10","118.38","4815.696"
"USEP","10 Jun 2014","11","118.50","4899.093"
"USEP","10 Jun 2014","12","120.26","5053.402"
"USEP","10 Jun 2014","13","120.42","5204.375"
"USEP","10 Jun 2014","14","121.31","5294.785"
"USEP","10 Jun 2014","15","115.73","5414.567"
"USEP","10 Jun 2014","16","120.22","5695.396"
"USEP","10 Jun 2014","17","121.39","6013.814"
"USEP","10 Jun 2014","18","122.29","6246.848"
"USEP","10 Jun 2014","19","127.75","6407.801"
"USEP","10 Jun 2014","20","139.64","6511.281"
"USEP","10 Jun 2014","21","140.49","6566.513"
"USEP","10 Jun 2014","22","147.77","6576.756"
"USEP","10 Jun 2014","23","140.52","6532.772"
"USEP","10 Jun 2014","24","131.48","6450.275"
"USEP","10 Jun 2014","25","128.99","6386.589"
"USEP","10 Jun 2014","26","131.48","6429.460"
"USEP","10 Jun 2014","27","142.03","6542.612"
"USEP","10 Jun 2014","28","183.35","6631.287"
"USEP","10 Jun 2014","29","195.08","6659.611"
"USEP","10 Jun 2014","30","191.62","6641.346"
"USEP","10 Jun 2014","31","163.24","6606.537"
"USEP","10 Jun 2014","32","155.03","6590.255"
"USEP","10 Jun 2014","33","149.58","6564.386"
"USEP","10 Jun 2014","34","141.94","6510.104"
"USEP","10 Jun 2014","35","142.03","6422.314"
"USEP","10 Jun 2014","36","132.75","6285.122"
"USEP","10 Jun 2014","37","126.57","6191.497"
"USEP","10 Jun 2014","38","126.42","6218.330"
"USEP","10 Jun 2014","39","128.80","6253.105"
"USEP","10 Jun 2014","40","127.10","6217.256"
"USEP","10 Jun 2014","41","126.41","6148.700"
"USEP","10 Jun 2014","42","141.57","6076.193"
"USEP","10 Jun 2014","43","126.32","5985.779"
"USEP","10 Jun 2014","44","124.38","5866.856"
"USEP","10 Jun 2014","45","122.42","5735.807"
"USEP","10 Jun 2014","46","122.99","5593.626"
"USEP","10 Jun 2014","47","121.38","5444.819"
"USEP","10 Jun 2014","48","126.54","5319.282"
"USEP","11 Jun 2014","1","163.12","5227.695"
"USEP","11 Jun 2014","2","151.10","5134.661"
"USEP","11 Jun 2014","3","141.25","5026.951"
"USEP","11 Jun 2014","4","133.02","4954.295"
"USEP","11 Jun 2014","5","136.13","4903.720"
"USEP","11 Jun 2014","6","129.10","4856.639"
"USEP","11 Jun 2014","7","126.27","4814.683"
"USEP","11 Jun 2014","8","122.68","4790.553"
"USEP","11 Jun 2014","9","122.67","4779.227"
"USEP","11 Jun 2014","10","124.04","4808.276"
"USEP","11 Jun 2014","11","134.63","4881.450"
"USEP","11 Jun 2014","12","131.49","5001.614"
"USEP","11 Jun 2014","13","144.02","5155.008"
"USEP","11 Jun 2014","14","145.05","5291.962"
"USEP","11 Jun 2014","15","120.47","5447.751"
"USEP","11 Jun 2014","16","122.23","5712.672"
"USEP","11 Jun 2014","17","136.84","6008.432"
"USEP","11 Jun 2014","18","142.05","6202.063"
"USEP","11 Jun 2014","19","142.02","6274.839"
"USEP","11 Jun 2014","20","147.38","6327.829"
"USEP","11 Jun 2014","21","170.84","6409.958"
"USEP","11 Jun 2014","22","260.24","6491.302"
"USEP","11 Jun 2014","23","271.00","6495.243"
"USEP","11 Jun 2014","24","191.29","6449.306"
"USEP","11 Jun 2014","25","161.89","6400.595"
"USEP","11 Jun 2014","26","162.01","6412.334"
"USEP","11 Jun 2014","27","187.24","6463.391"
"USEP","11 Jun 2014","28","247.09","6493.996"
"USEP","11 Jun 2014","29","260.21","6507.261"
"USEP","11 Jun 2014","30","270.97","6495.710"
"USEP","11 Jun 2014","31","270.97","6484.081"
"USEP","11 Jun 2014","32","165.37","6419.103"
"USEP","11 Jun 2014","33","180.14","6443.655"
"USEP","11 Jun 2014","34","176.01","6420.286"
"USEP","11 Jun 2014","35","151.07","6371.202"
"USEP","11 Jun 2014","36","143.07","6250.575"
"USEP","11 Jun 2014","37","128.86","6165.071"
"USEP","11 Jun 2014","38","142.02","6179.345"
"USEP","11 Jun 2014","39","142.07","6192.828"
"USEP","11 Jun 2014","40","131.47","6159.082"
"USEP","11 Jun 2014","41","128.70","6104.879"
"USEP","11 Jun 2014","42","143.04","6040.672"
"USEP","11 Jun 2014","43","129.01","5952.539"
"USEP","11 Jun 2014","44","128.61","5825.367"
"USEP","11 Jun 2014","45","121.39","5692.618"
"USEP","11 Jun 2014","46","120.44","5571.047"
"USEP","11 Jun 2014","47","120.36","5445.251"
"USEP","11 Jun 2014","48","119.25","5310.768"
"USEP","12 Jun 2014","1","122.46","5163.164"
"USEP","12 Jun 2014","2","122.35","5054.082"
"USEP","12 Jun 2014","3","121.36","4971.163"
"USEP","12 Jun 2014","4","121.29","4910.782"
"USEP","12 Jun 2014","5","121.20","4858.856"
"USEP","12 Jun 2014","6","121.19","4810.364"
"USEP","12 Jun 2014","7","120.31","4773.123"
"USEP","12 Jun 2014","8","118.53","4753.576"
"USEP","12 Jun 2014","9","118.52","4744.551"
"USEP","12 Jun 2014","10","118.47","4726.207"
"USEP","12 Jun 2014","11","118.51","4767.070"
"USEP","12 Jun 2014","12","119.31","4866.415"
"USEP","12 Jun 2014","13","121.29","5018.125"
"USEP","12 Jun 2014","14","121.30","5167.254"
"USEP","12 Jun 2014","15","118.70","5331.602"
"USEP","12 Jun 2014","16","121.47","5599.868"
"USEP","12 Jun 2014","17","122.61","5901.676"
"USEP","12 Jun 2014","18","130.04","6108.075"
"USEP","12 Jun 2014","19","202.55","6210.552"
"USEP","12 Jun 2014","20","252.87","6266.087"
"USEP","12 Jun 2014","21","270.98","6336.730"
"USEP","12 Jun 2014","22","936.61","6406.474"
"USEP","12 Jun 2014","23","936.81","6417.443"
"USEP","12 Jun 2014","24","608.21","6365.238"
"USEP","12 Jun 2014","25","270.94","6326.785"
"USEP","12 Jun 2014","26","151.01","6344.960"
"USEP","12 Jun 2014","27","142.03","6402.225"
"USEP","12 Jun 2014","28","144.00","6442.099"
"USEP","12 Jun 2014","29","157.09","6460.732"
"USEP","12 Jun 2014","30","244.91","6453.823"
"USEP","12 Jun 2014","31","271.01","6455.419"
"USEP","12 Jun 2014","32","162.40","6453.938"
"USEP","12 Jun 2014","33","150.05","6416.345"
"USEP","12 Jun 2014","34","140.70","6363.697"
"USEP","12 Jun 2014","35","151.06","6297.104"
"USEP","12 Jun 2014","36","141.79","6177.581"
"USEP","12 Jun 2014","37","122.35","6079.398"
"USEP","12 Jun 2014","38","122.33","6080.661"
"USEP","12 Jun 2014","39","122.52","6090.337"
"USEP","12 Jun 2014","40","122.33","6065.482"
"USEP","12 Jun 2014","41","140.69","6027.929"
"USEP","12 Jun 2014","42","137.78","5980.033"
"USEP","12 Jun 2014","43","121.44","5889.157"
"USEP","12 Jun 2014","44","118.48","5750.335"
"USEP","12 Jun 2014","45","110.16","5640.607"
"USEP","12 Jun 2014","46","104.74","5559.382"
"USEP","12 Jun 2014","47","110.37","5456.419"
"USEP","12 Jun 2014","48","110.32","5320.907"
"USEP","13 Jun 2014","1","120.54","5189.803"
"USEP","13 Jun 2014","2","118.30","5094.986"
"USEP","13 Jun 2014","3","120.34","5016.042"
"USEP","13 Jun 2014","4","116.59","4951.213"
"USEP","13 Jun 2014","5","115.68","4893.308"
"USEP","13 Jun 2014","6","116.70","4838.648"
"USEP","13 Jun 2014","7","110.32","4788.058"
"USEP","13 Jun 2014","8","104.26","4751.221"
"USEP","13 Jun 2014","9","104.25","4732.484"
"USEP","13 Jun 2014","10","104.41","4754.710"
"USEP","13 Jun 2014","11","109.91","4811.745"
"USEP","13 Jun 2014","12","110.37","4923.386"
"USEP","13 Jun 2014","13","116.60","5081.641"
"USEP","13 Jun 2014","14","116.65","5247.778"
"USEP","13 Jun 2014","15","102.58","5427.747"
"USEP","13 Jun 2014","16","116.82","5688.329"
"USEP","13 Jun 2014","17","118.60","5970.575"
"USEP","13 Jun 2014","18","121.27","6162.373"
"USEP","13 Jun 2014","19","143.44","6260.227"
"USEP","13 Jun 2014","20","155.14","6331.020"
"USEP","13 Jun 2014","21","191.22","6416.374"
"USEP","13 Jun 2014","22","260.98","6480.955"
"USEP","13 Jun 2014","23","260.97","6493.544"
"USEP","13 Jun 2014","24","258.92","6479.747"
"USEP","13 Jun 2014","25","236.84","6452.829"
"USEP","13 Jun 2014","26","260.23","6468.221"
"USEP","13 Jun 2014","27","260.96","6529.313"
"USEP","13 Jun 2014","28","260.94","6578.869"
"USEP","13 Jun 2014","29","260.91","6581.473"
"USEP","13 Jun 2014","30","260.92","6558.601"
"USEP","13 Jun 2014","31","260.19","6552.890"
"USEP","13 Jun 2014","32","260.89","6555.196"
"USEP","13 Jun 2014","33","261.00","6531.226"
"USEP","13 Jun 2014","34","260.98","6473.847"
"USEP","13 Jun 2014","35","163.28","6373.051"
"USEP","13 Jun 2014","36","124.48","6209.478"
"USEP","13 Jun 2014","37","121.31","6083.260"
"USEP","13 Jun 2014","38","124.40","6077.550"
"USEP","13 Jun 2014","39","126.28","6100.755"
"USEP","13 Jun 2014","40","125.23","6079.085"
"USEP","13 Jun 2014","41","126.28","6037.218"
"USEP","13 Jun 2014","42","191.89","6002.254"
"USEP","13 Jun 2014","43","182.85","5943.240"
"USEP","13 Jun 2014","44","155.14","5844.596"
"USEP","13 Jun 2014","45","154.11","5719.531"
"USEP","13 Jun 2014","46","125.43","5603.690"
"USEP","13 Jun 2014","47","137.49","5468.113"
"USEP","13 Jun 2014","48","118.42","5303.820"
"USEP","14 Jun 2014","1","128.42","5164.556"
"USEP","14 Jun 2014","2","126.21","5064.162"
"USEP","14 Jun 2014","3","136.57","4984.130"
"USEP","14 Jun 2014","4","126.12","4920.131"
"USEP","14 Jun 2014","5","121.17","4863.712"
"USEP","14 Jun 2014","6","118.67","4816.606"
"USEP","14 Jun 2014","7","112.05","4776.583"
"USEP","14 Jun 2014","8","112.03","4758.104"
"USEP","14 Jun 2014","9","112.03","4748.368"
"USEP","14 Jun 2014","10","112.03","4749.849"
"USEP","14 Jun 2014","11","120.21","4778.968"
"USEP","14 Jun 2014","12","112.06","4837.306"
"USEP","14 Jun 2014","13","118.57","4914.117"
"USEP","14 Jun 2014","14","118.62","4968.052"
"USEP","14 Jun 2014","15","115.66","5055.852"
"USEP","14 Jun 2014","16","119.77","5259.995"
"USEP","14 Jun 2014","17","120.90","5505.945"
"USEP","14 Jun 2014","18","147.16","5713.040"
"USEP","14 Jun 2014","19","162.13","5856.658"
"USEP","14 Jun 2014","20","198.22","5941.536"
"USEP","14 Jun 2014","21","213.86","5998.283"
"USEP","14 Jun 2014","22","213.83","6016.642"
"USEP","14 Jun 2014","23","236.76","5956.843"
"USEP","14 Jun 2014","24","215.78","5876.185"
"USEP","14 Jun 2014","25","225.67","5803.171"
"USEP","14 Jun 2014","26","197.68","5743.426"
"USEP","14 Jun 2014","27","175.66","5687.921"
"USEP","14 Jun 2014","28","169.83","5661.943"
"USEP","14 Jun 2014","29","163.10","5650.318"
"USEP","14 Jun 2014","30","150.99","5609.480"
"USEP","14 Jun 2014","31","141.95","5551.589"
"USEP","14 Jun 2014","32","122.31","5527.723"
"USEP","14 Jun 2014","33","121.76","5508.206"
"USEP","14 Jun 2014","34","121.25","5481.333"
"USEP","14 Jun 2014","35","121.16","5445.207"
"USEP","14 Jun 2014","36","120.36","5399.562"
"USEP","14 Jun 2014","37","118.91","5407.077"
"USEP","14 Jun 2014","38","119.40","5480.598"
"USEP","14 Jun 2014","39","120.37","5545.849"
"USEP","14 Jun 2014","40","120.43","5562.961"
"USEP","14 Jun 2014","41","124.23","5561.186"
"USEP","14 Jun 2014","42","123.20","5554.482"
"USEP","14 Jun 2014","43","121.20","5542.624"
"USEP","14 Jun 2014","44","120.40","5476.756"
"USEP","14 Jun 2014","45","121.19","5384.120"
"USEP","14 Jun 2014","46","121.21","5304.844"
"USEP","14 Jun 2014","47","121.15","5224.365"
"USEP","14 Jun 2014","48","121.94","5130.859"
"USEP","15 Jun 2014","1","141.23","5023.726"
"USEP","15 Jun 2014","2","129.45","4927.879"
"USEP","15 Jun 2014","3","125.02","4859.229"
"USEP","15 Jun 2014","4","122.20","4794.479"
"USEP","15 Jun 2014","5","121.08","4748.522"
"USEP","15 Jun 2014","6","121.07","4717.867"
"USEP","15 Jun 2014","7","120.94","4679.737"
"USEP","15 Jun 2014","8","120.22","4654.445"
"USEP","15 Jun 2014","9","120.20","4650.931"
"USEP","15 Jun 2014","10","120.20","4653.719"
"USEP","15 Jun 2014","11","120.20","4658.977"
"USEP","15 Jun 2014","12","121.05","4691.774"
"USEP","15 Jun 2014","13","121.07","4726.709"
"USEP","15 Jun 2014","14","121.07","4733.363"
"USEP","15 Jun 2014","15","121.09","4740.918"
"USEP","15 Jun 2014","16","122.21","4834.672"
"USEP","15 Jun 2014","17","124.14","4986.694"
"USEP","15 Jun 2014","18","131.11","5102.893"
"USEP","15 Jun 2014","19","141.30","5197.412"
"USEP","15 Jun 2014","20","143.80","5291.932"
"USEP","15 Jun 2014","21","134.39","5365.950"
"USEP","15 Jun 2014","22","141.34","5415.372"
"USEP","15 Jun 2014","23","143.84","5429.800"
"USEP","15 Jun 2014","24","141.36","5402.226"
"USEP","15 Jun 2014","25","141.36","5383.718"
"USEP","15 Jun 2014","26","134.43","5390.894"
"USEP","15 Jun 2014","27","143.84","5407.643"
"USEP","15 Jun 2014","28","141.36","5417.936"
"USEP","15 Jun 2014","29","141.37","5430.083"
"USEP","15 Jun 2014","30","141.36","5434.784"
"USEP","15 Jun 2014","31","141.37","5443.939"
"USEP","15 Jun 2014","32","141.38","5442.791"
"USEP","15 Jun 2014","33","141.37","5406.068"
"USEP","15 Jun 2014","34","139.23","5353.445"
"USEP","15 Jun 2014","35","139.22","5332.800"
"USEP","15 Jun 2014","36","144.87","5325.534"
"USEP","15 Jun 2014","37","148.31","5367.048"
"USEP","15 Jun 2014","38","144.86","5473.898"
"USEP","15 Jun 2014","39","154.02","5565.838"
"USEP","15 Jun 2014","40","154.91","5604.997"
"USEP","15 Jun 2014","41","155.92","5632.571"
"USEP","15 Jun 2014","42","157.48","5640.120"
"USEP","15 Jun 2014","43","183.37","5635.443"
"USEP","15 Jun 2014","44","173.40","5582.448"
"USEP","15 Jun 2014","45","155.95","5490.931"
"USEP","15 Jun 2014","46","154.02","5418.334"
"USEP","15 Jun 2014","47","170.73","5335.146"
"USEP","15 Jun 2014","48","158.01","5286.450"
"USEP","16 Jun 2014","1","167.31","5241.268"
"USEP","16 Jun 2014","2","154.11","5156.529"
"USEP","16 Jun 2014","3","141.25","5033.010"
"USEP","16 Jun 2014","4","122.23","4938.267"
"USEP","16 Jun 2014","5","120.26","4872.921"
"USEP","16 Jun 2014","6","119.24","4829.210"
"USEP","16 Jun 2014","7","119.23","4795.260"
"USEP","16 Jun 2014","8","119.17","4767.567"
"USEP","16 Jun 2014","9","119.16","4754.923"
"USEP","16 Jun 2014","10","118.64","4770.345"
"USEP","16 Jun 2014","11","118.59","4821.591"
"USEP","16 Jun 2014","12","118.56","4921.393"
"USEP","16 Jun 2014","13","119.41","5064.505"
"USEP","16 Jun 2014","14","119.54","5219.593"
"USEP","16 Jun 2014","15","118.64","5407.852"
"USEP","16 Jun 2014","16","120.77","5711.882"
"USEP","16 Jun 2014","17","134.57","6053.793"
"USEP","16 Jun 2014","18","134.68","6273.586"
"USEP","16 Jun 2014","19","139.58","6412.388"
"USEP","16 Jun 2014","20","145.83","6493.926"
"USEP","16 Jun 2014","21","122.88","6573.735"
"USEP","16 Jun 2014","22","125.06","6624.652"
"USEP","16 Jun 2014","23","125.07","6626.531"
"USEP","16 Jun 2014","24","121.80","6574.907"
"USEP","16 Jun 2014","25","122.79","6544.948"
"USEP","16 Jun 2014","26","123.23","6576.861"
"USEP","16 Jun 2014","27","134.95","6637.867"
"USEP","16 Jun 2014","28","134.87","6662.797"
"USEP","16 Jun 2014","29","134.98","6650.108"
"USEP","16 Jun 2014","30","133.90","6629.493"
"USEP","16 Jun 2014","31","126.34","6615.065"
"USEP","16 Jun 2014","32","124.72","6619.414"
"USEP","16 Jun 2014","33","122.80","6586.130"
"USEP","16 Jun 2014","34","121.43","6512.216"
"USEP","16 Jun 2014","35","119.51","6396.261"
"USEP","16 Jun 2014","36","118.93","6220.278"
"USEP","16 Jun 2014","37","114.89","6100.859"
"USEP","16 Jun 2014","38","115.36","6110.595"
"USEP","16 Jun 2014","39","114.87","6124.909"
"USEP","16 Jun 2014","40","115.45","6097.231"
"USEP","16 Jun 2014","41","115.43","6072.520"
"USEP","16 Jun 2014","42","121.72","6065.383"
"USEP","16 Jun 2014","43","120.74","6021.647"
"USEP","16 Jun 2014","44","115.43","5923.157"
"USEP","16 Jun 2014","45","115.29","5811.719"
"USEP","16 Jun 2014","46","110.73","5704.059"
"USEP","16 Jun 2014","47","115.72","5588.213"
"USEP","16 Jun 2014","48","114.70","5459.351"
"USEP","17 Jun 2014","1","134.69","5337.815"
"USEP","17 Jun 2014","2","120.56","5241.914"
"USEP","17 Jun 2014","3","118.28","5154.362"
"USEP","17 Jun 2014","4","117.26","5073.684"
"USEP","17 Jun 2014","5","116.63","5019.839"
"USEP","17 Jun 2014","6","116.59","4981.168"
"USEP","17 Jun 2014","7","116.58","4942.720"
"USEP","17 Jun 2014","8","115.68","4914.341"
"USEP","17 Jun 2014","9","115.67","4902.741"
"USEP","17 Jun 2014","10","115.67","4914.470"
"USEP","17 Jun 2014","11","116.58","4967.142"
"USEP","17 Jun 2014","12","117.20","5065.916"
"USEP","17 Jun 2014","13","118.24","5205.787"
"USEP","17 Jun 2014","14","118.42","5348.490"
"USEP","17 Jun 2014","15","116.62","5531.749"
"USEP","17 Jun 2014","16","118.59","5824.462"
"USEP","17 Jun 2014","17","144.54","6146.697"
"USEP","17 Jun 2014","18","147.85","6365.407"
"USEP","17 Jun 2014","19","148.64","6489.264"
"USEP","17 Jun 2014","20","148.23","6573.372"
"USEP","17 Jun 2014","21","150.64","6644.741"
"USEP","17 Jun 2014","22","136.53","6681.693"
"USEP","17 Jun 2014","23","131.89","6678.706"
"USEP","17 Jun 2014","24","119.68","6634.816"
"USEP","17 Jun 2014","25","119.33","6601.268"
"USEP","17 Jun 2014","26","125.10","6635.377"
"USEP","17 Jun 2014","27","126.68","6697.373"
"USEP","17 Jun 2014","28","137.38","6718.978"
"USEP","17 Jun 2014","29","129.94","6711.776"
"USEP","17 Jun 2014","30","155.23","6700.012"
"USEP","17 Jun 2014","31","153.60","6694.893"
"USEP","17 Jun 2014","32","154.20","6699.371"
"USEP","17 Jun 2014","33","153.55","6676.166"
"USEP","17 Jun 2014","34","128.43","6607.565"
"USEP","17 Jun 2014","35","117.31","6496.491"
"USEP","17 Jun 2014","36","116.86","6341.228"
"USEP","17 Jun 2014","37","116.86","6244.189"
"USEP","17 Jun 2014","38","118.42","6235.128"
"USEP","17 Jun 2014","39","118.42","6230.760"
"USEP","17 Jun 2014","40","121.05","6197.476"
"USEP","17 Jun 2014","41","127.31","6167.845"
"USEP","17 Jun 2014","42","152.07","6163.178"
"USEP","17 Jun 2014","43","130.73","6123.661"
"USEP","17 Jun 2014","44","125.50","6002.120"
"USEP","17 Jun 2014","45","120.82","5848.105"
"USEP","17 Jun 2014","46","119.11","5735.032"
"USEP","17 Jun 2014","47","118.34","5633.008"
"USEP","17 Jun 2014","48","118.26","5593.725"
"USEP","18 Jun 2014","1","146.51","5551.947"
"USEP","18 Jun 2014","2","127.98","5460.131"
"USEP","18 Jun 2014","3","123.04","5332.134"
"USEP","18 Jun 2014","4","119.19","5240.398"
"USEP","18 Jun 2014","5","118.68","5152.136"
"USEP","18 Jun 2014","6","118.59","5098.142"
"USEP","18 Jun 2014","7","118.56","5060.275"
"USEP","18 Jun 2014","8","118.82","5037.229"
"USEP","18 Jun 2014","9","119.83","5006.977"
"USEP","18 Jun 2014","10","118.81","4968.986"
"USEP","18 Jun 2014","11","118.69","4957.843"
"USEP","18 Jun 2014","12","119.24","5016.241"
"USEP","18 Jun 2014","13","119.41","5134.905"
"USEP","18 Jun 2014","14","119.27","5272.807"
"USEP","18 Jun 2014","15","115.71","5463.665"
"USEP","18 Jun 2014","16","119.32","5755.111"
"USEP","18 Jun 2014","17","119.14","6072.117"
"USEP","18 Jun 2014","18","119.13","6272.985"
"USEP","18 Jun 2014","19","119.17","6385.118"
"USEP","18 Jun 2014","20","119.46","6459.012"
"USEP","18 Jun 2014","21","124.89","6543.457"
"USEP","18 Jun 2014","22","183.63","6596.621"
"USEP","18 Jun 2014","23","125.97","6584.012"
"USEP","18 Jun 2014","24","154.18","6531.211"
"USEP","18 Jun 2014","25","138.58","6491.073"
"USEP","18 Jun 2014","26","124.95","6515.387"
"USEP","18 Jun 2014","27","126.93","6579.023"
"USEP","18 Jun 2014","28","137.86","6613.599"
"USEP","18 Jun 2014","29","174.26","6615.269"
"USEP","18 Jun 2014","30","124.11","6604.295"
"USEP","18 Jun 2014","31","166.80","6598.843"
"USEP","18 Jun 2014","32","174.10","6604.916"
"USEP","18 Jun 2014","33","129.92","6599.236"
"USEP","18 Jun 2014","34","119.10","6559.799"
"USEP","18 Jun 2014","35","118.98","6474.091"
"USEP","18 Jun 2014","36","127.94","6332.009"
"USEP","18 Jun 2014","37","127.81","6175.295"
"USEP","18 Jun 2014","38","124.72","6118.970"
"USEP","18 Jun 2014","39","145.09","6128.790"
"USEP","18 Jun 2014","40","157.03","6138.904"
"USEP","18 Jun 2014","41","154.19","6117.951"
"USEP","18 Jun 2014","42","170.87","6108.920"
"USEP","18 Jun 2014","43","153.69","6079.329"
"USEP","18 Jun 2014","44","146.54","5981.564"
"USEP","18 Jun 2014","45","143.37","5868.755"
"USEP","18 Jun 2014","46","127.78","5788.117"
"USEP","18 Jun 2014","47","125.78","5693.075"
"USEP","18 Jun 2014","48","122.78","5557.076"
"USEP","19 Jun 2014","1","154.09","5424.293"
"USEP","19 Jun 2014","2","146.43","5319.933"
"USEP","19 Jun 2014","3","130.39","5221.517"
"USEP","19 Jun 2014","4","128.70","5150.903"
"USEP","19 Jun 2014","5","118.88","5080.180"
"USEP","19 Jun 2014","6","109.89","5003.587"
"USEP","19 Jun 2014","7","114.21","4930.295"
"USEP","19 Jun 2014","8","109.91","4873.622"
"USEP","19 Jun 2014","9","108.53","4852.176"
"USEP","19 Jun 2014","10","108.53","4851.446"
"USEP","19 Jun 2014","11","109.92","4884.655"
"USEP","19 Jun 2014","12","116.76","4972.644"
"USEP","19 Jun 2014","13","118.62","5105.527"
"USEP","19 Jun 2014","14","120.07","5245.432"
"USEP","19 Jun 2014","15","117.97","5433.746"
"USEP","19 Jun 2014","16","120.20","5724.237"
"USEP","19 Jun 2014","17","121.30","6023.779"
"USEP","19 Jun 2014","18","121.32","6222.221"
"USEP","19 Jun 2014","19","144.36","6324.708"
"USEP","19 Jun 2014","20","185.50","6405.117"
"USEP","19 Jun 2014","21","247.09","6502.773"
"USEP","19 Jun 2014","22","304.72","6553.944"
"USEP","19 Jun 2014","23","145.13","6534.104"
"USEP","19 Jun 2014","24","125.06","6474.568"
"USEP","19 Jun 2014","25","121.12","6433.059"
"USEP","19 Jun 2014","26","120.48","6458.197"
"USEP","19 Jun 2014","27","123.22","6521.361"
"USEP","19 Jun 2014","28","126.30","6560.082"
"USEP","19 Jun 2014","29","126.16","6570.390"
"USEP","19 Jun 2014","30","126.19","6567.358"
"USEP","19 Jun 2014","31","180.54","6568.382"
"USEP","19 Jun 2014","32","180.53","6572.015"
"USEP","19 Jun 2014","33","160.76","6561.886"
"USEP","19 Jun 2014","34","154.20","6523.001"
"USEP","19 Jun 2014","35","126.09","6439.371"
"USEP","19 Jun 2014","36","122.95","6297.050"
"USEP","19 Jun 2014","37","120.21","6185.831"
"USEP","19 Jun 2014","38","119.20","6179.285"
"USEP","19 Jun 2014","39","122.96","6205.776"
"USEP","19 Jun 2014","40","144.74","6185.453"
"USEP","19 Jun 2014","41","147.38","6147.035"
"USEP","19 Jun 2014","42","170.57","6121.291"
"USEP","19 Jun 2014","43","166.73","6091.013"
"USEP","19 Jun 2014","44","187.32","6022.815"
"USEP","19 Jun 2014","45","172.37","5921.705"
"USEP","19 Jun 2014","46","166.83","5817.127"
"USEP","19 Jun 2014","47","147.97","5713.085"
"USEP","19 Jun 2014","48","142.69","5504.533"
"USEP","20 Jun 2014","1","123.18","5270.511"
"USEP","20 Jun 2014","2","120.99","5139.885"
"USEP","20 Jun 2014","3","120.83","5083.614"
"USEP","20 Jun 2014","4","120.14","5021.822"
"USEP","20 Jun 2014","5","119.02","4980.695"
"USEP","20 Jun 2014","6","118.95","4941.254"
"USEP","20 Jun 2014","7","120.15","4923.585"
"USEP","20 Jun 2014","8","120.89","4924.460"
"USEP","20 Jun 2014","9","119.00","4924.410"
"USEP","20 Jun 2014","10","118.96","4941.159"
"USEP","20 Jun 2014","11","114.77","4990.064"
"USEP","20 Jun 2014","12","118.90","5081.000"
"USEP","20 Jun 2014","13","118.98","5213.590"
"USEP","20 Jun 2014","14","120.18","5342.506"
"USEP","20 Jun 2014","15","117.02","5509.528"
"USEP","20 Jun 2014","16","119.03","5778.425"
"USEP","20 Jun 2014","17","120.48","6069.498"
"USEP","20 Jun 2014","18","120.59","6288.412"
"USEP","20 Jun 2014","19","121.06","6437.392"
"USEP","20 Jun 2014","20","124.15","6538.552"
"USEP","20 Jun 2014","21","132.59","6617.441"
"USEP","20 Jun 2014","22","155.49","6668.537"
"USEP","20 Jun 2014","23","137.26","6665.337"
"USEP","20 Jun 2014","24","188.13","6617.530"
"USEP","20 Jun 2014","25","154.90","6589.534"
"USEP","20 Jun 2014","26","146.29","6625.263"
"USEP","20 Jun 2014","27","145.13","6682.056"
"USEP","20 Jun 2014","28","162.78","6717.919"
"USEP","20 Jun 2014","29","146.77","6715.558"
"USEP","20 Jun 2014","30","142.81","6674.660"
"USEP","20 Jun 2014","31","151.69","6659.368"
"USEP","20 Jun 2014","32","154.57","6674.293"
"USEP","20 Jun 2014","33","152.10","6653.612"
"USEP","20 Jun 2014","34","134.36","6590.662"
"USEP","20 Jun 2014","35","132.09","6488.295"
"USEP","20 Jun 2014","36","145.12","6354.632"
"USEP","20 Jun 2014","37","121.19","6262.950"
"USEP","20 Jun 2014","38","121.19","6269.098"
"USEP","20 Jun 2014","39","121.15","6260.649"
"USEP","20 Jun 2014","40","125.14","6219.562"
"USEP","20 Jun 2014","41","135.69","6181.482"
"USEP","20 Jun 2014","42","152.07","6119.829"
"USEP","20 Jun 2014","43","154.67","6072.455"
"USEP","20 Jun 2014","44","154.15","5990.947"
"USEP","20 Jun 2014","45","152.10","5885.385"
"USEP","20 Jun 2014","46","148.99","5805.924"
"USEP","20 Jun 2014","47","146.48","5728.646"
"USEP","20 Jun 2014","48","125.95","5513.822"
"USEP","21 Jun 2014","1","148.19","5317.507"
"USEP","21 Jun 2014","2","144.24","5240.885"
"USEP","21 Jun 2014","3","140.05","5205.295"
"USEP","21 Jun 2014","4","129.90","5127.305"
"USEP","21 Jun 2014","5","132.99","5060.896"
"USEP","21 Jun 2014","6","122.86","4992.628"
"USEP","21 Jun 2014","7","122.86","4946.199"
"USEP","21 Jun 2014","8","117.99","4905.748"
"USEP","21 Jun 2014","9","117.70","4867.792"
"USEP","21 Jun 2014","10","117.81","4868.935"
"USEP","21 Jun 2014","11","117.86","4895.008"
"USEP","21 Jun 2014","12","117.95","4945.463"
"USEP","21 Jun 2014","13","118.03","5014.636"
"USEP","21 Jun 2014","14","118.19","5063.670"
"USEP","21 Jun 2014","15","124.89","5137.405"
"USEP","21 Jun 2014","16","144.33","5330.345"
"USEP","21 Jun 2014","17","119.87","5579.242"
"USEP","21 Jun 2014","18","141.08","5774.385"
"USEP","21 Jun 2014","19","147.28","5891.110"
"USEP","21 Jun 2014","20","148.99","5970.615"
"USEP","21 Jun 2014","21","145.51","6024.246"
"USEP","21 Jun 2014","22","146.53","6067.649"
"USEP","21 Jun 2014","23","146.53","6071.710"
"USEP","21 Jun 2014","24","145.11","6030.518"
"USEP","21 Jun 2014","25","143.52","5979.795"
"USEP","21 Jun 2014","26","143.59","5944.801"
"USEP","21 Jun 2014","27","132.59","5905.419"
"USEP","21 Jun 2014","28","132.30","5871.424"
"USEP","21 Jun 2014","29","130.60","5857.140"
"USEP","21 Jun 2014","30","129.57","5837.036"
"USEP","21 Jun 2014","31","129.57","5803.856"
"USEP","21 Jun 2014","32","128.62","5776.576"
"USEP","21 Jun 2014","33","127.59","5731.747"
"USEP","21 Jun 2014","34","127.59","5681.410"
"USEP","21 Jun 2014","35","125.96","5637.655"
"USEP","21 Jun 2014","36","125.61","5615.951"
"USEP","21 Jun 2014","37","127.59","5637.242"
"USEP","21 Jun 2014","38","131.54","5716.732"
"USEP","21 Jun 2014","39","130.63","5749.723"
"USEP","21 Jun 2014","40","130.86","5748.197"
"USEP","21 Jun 2014","41","130.83","5736.105"
"USEP","21 Jun 2014","42","131.61","5734.192"
"USEP","21 Jun 2014","43","132.74","5731.160"
"USEP","21 Jun 2014","44","132.72","5699.124"
"USEP","21 Jun 2014","45","129.70","5608.451"
"USEP","21 Jun 2014","46","127.60","5533.727"
"USEP","21 Jun 2014","47","127.60","5451.871"
"USEP","21 Jun 2014","48","159.04","5373.534"
"USEP","22 Jun 2014","1","150.52","5275.789"
"USEP","22 Jun 2014","2","149.33","5169.148"
"USEP","22 Jun 2014","3","152.02","5086.124"
"USEP","22 Jun 2014","4","151.45","5009.283"
"USEP","22 Jun 2014","5","150.42","4947.227"
"USEP","22 Jun 2014","6","149.30","4905.703"
"USEP","22 Jun 2014","7","147.15","4860.158"
"USEP","22 Jun 2014","8","146.17","4833.374"
"USEP","22 Jun 2014","9","144.15","4831.864"
"USEP","22 Jun 2014","10","146.16","4833.359"
"USEP","22 Jun 2014","11","143.17","4846.654"
"USEP","22 Jun 2014","12","149.20","4883.447"
"USEP","22 Jun 2014","13","147.11","4923.485"
"USEP","22 Jun 2014","14","147.12","4929.211"
"USEP","22 Jun 2014","15","146.15","4935.264"
"USEP","22 Jun 2014","16","150.21","5031.220"
"USEP","22 Jun 2014","17","152.41","5185.484"
"USEP","22 Jun 2014","18","152.44","5303.188"
"USEP","22 Jun 2014","19","152.98","5375.328"
"USEP","22 Jun 2014","20","165.48","5444.148"
"USEP","22 Jun 2014","21","151.97","5517.927"
"USEP","22 Jun 2014","22","153.03","5563.756"
"USEP","22 Jun 2014","23","152.44","5561.986"
"USEP","22 Jun 2014","24","152.00","5527.360"
"USEP","22 Jun 2014","25","151.49","5490.170"
"USEP","22 Jun 2014","26","151.48","5503.007"
"USEP","22 Jun 2014","27","152.48","5528.742"
"USEP","22 Jun 2014","28","152.49","5526.640"
"USEP","22 Jun 2014","29","152.01","5527.837"
"USEP","22 Jun 2014","30","151.70","5528.523"
"USEP","22 Jun 2014","31","150.46","5530.760"
"USEP","22 Jun 2014","32","149.93","5530.770"
"USEP","22 Jun 2014","33","143.24","5496.497"
"USEP","22 Jun 2014","34","131.52","5445.062"
"USEP","22 Jun 2014","35","135.59","5423.815"
"USEP","22 Jun 2014","36","147.42","5420.103"
"USEP","22 Jun 2014","37","149.33","5453.596"
"USEP","22 Jun 2014","38","145.42","5561.653"
"USEP","22 Jun 2014","39","149.56","5665.144"
"USEP","22 Jun 2014","40","151.54","5707.264"
"USEP","22 Jun 2014","41","151.59","5725.246"
"USEP","22 Jun 2014","42","181.09","5727.403"
"USEP","22 Jun 2014","43","193.58","5716.757"
"USEP","22 Jun 2014","44","187.52","5665.790"
"USEP","22 Jun 2014","45","187.35","5570.858"
"USEP","22 Jun 2014","46","186.56","5495.965"
"USEP","22 Jun 2014","47","189.99","5414.089"
"USEP","22 Jun 2014","48","149.33","5248.285"
"USEP","23 Jun 2014","1","125.90","5078.803"
"USEP","23 Jun 2014","2","120.23","5007.160"
"USEP","23 Jun 2014","3","120.12","4973.305"
"USEP","23 Jun 2014","4","120.08","4923.282"
"USEP","23 Jun 2014","5","119.96","4887.403"
"USEP","23 Jun 2014","6","120.08","4855.690"
"USEP","23 Jun 2014","7","118.88","4811.491"
"USEP","23 Jun 2014","8","118.81","4779.047"
"USEP","23 Jun 2014","9","118.82","4764.848"
"USEP","23 Jun 2014","10","118.83","4787.054"
"USEP","23 Jun 2014","11","120.08","4890.579"
"USEP","23 Jun 2014","12","125.84","5047.740"
"USEP","23 Jun 2014","13","135.05","5191.811"
"USEP","23 Jun 2014","14","137.04","5309.878"
"USEP","23 Jun 2014","15","119.20","5472.670"
"USEP","23 Jun 2014","16","119.92","5744.276"
"USEP","23 Jun 2014","17","130.80","6071.158"
"USEP","23 Jun 2014","18","129.63","6307.407"
"USEP","23 Jun 2014","19","144.11","6456.537"
"USEP","23 Jun 2014","20","156.12","6546.961"
"USEP","23 Jun 2014","21","193.53","6616.988"
"USEP","23 Jun 2014","22","238.66","6656.455"
"USEP","23 Jun 2014","23","203.01","6646.977"
"USEP","23 Jun 2014","24","162.40","6559.093"
"USEP","23 Jun 2014","25","134.05","6473.539"
"USEP","23 Jun 2014","26","145.12","6492.455"
"USEP","23 Jun 2014","27","170.87","6574.669"
"USEP","23 Jun 2014","28","191.19","6625.368"
"USEP","23 Jun 2014","29","191.17","6627.654"
"USEP","23 Jun 2014","30","162.25","6571.016"
"USEP","23 Jun 2014","31","146.23","6519.308"
"USEP","23 Jun 2014","32","145.10","6501.794"
"USEP","23 Jun 2014","33","154.71","6550.142"
"USEP","23 Jun 2014","34","150.36","6535.406"
"USEP","23 Jun 2014","35","132.70","6433.193"
"USEP","23 Jun 2014","36","126.01","6255.287"
"USEP","23 Jun 2014","37","125.65","6144.669"
"USEP","23 Jun 2014","38","127.64","6158.819"
"USEP","23 Jun 2014","39","130.69","6196.119"
"USEP","23 Jun 2014","40","131.60","6198.997"
"USEP","23 Jun 2014","41","131.62","6163.317"
"USEP","23 Jun 2014","42","150.60","6105.779"
"USEP","23 Jun 2014","43","149.64","6029.708"
"USEP","23 Jun 2014","44","146.54","5918.087"
"USEP","23 Jun 2014","45","145.10","5784.235"
"USEP","23 Jun 2014","46","139.05","5652.381"
"USEP","23 Jun 2014","47","129.10","5529.279"
"USEP","23 Jun 2014","48","130.59","5524.349"
"USEP","24 Jun 2014","1","174.28","5532.624"
"USEP","24 Jun 2014","2","172.20","5448.203"
"USEP","24 Jun 2014","3","157.50","5309.476"
"USEP","24 Jun 2014","4","151.99","5208.719"
"USEP","24 Jun 2014","5","144.22","5120.740"
"USEP","24 Jun 2014","6","137.00","5061.175"
"USEP","24 Jun 2014","7","139.20","5015.212"
"USEP","24 Jun 2014","8","139.01","4994.969"
"USEP","24 Jun 2014","9","136.98","4985.939"
"USEP","24 Jun 2014","10","133.47","4993.697"
"USEP","24 Jun 2014","11","133.98","5031.350"
"USEP","24 Jun 2014","12","134.57","5121.640"
"USEP","24 Jun 2014","13","139.27","5264.304"
"USEP","24 Jun 2014","14","147.24","5409.393"
"USEP","24 Jun 2014","15","125.95","5595.077"
"USEP","24 Jun 2014","16","135.35","5887.919"
"USEP","24 Jun 2014","17","149.59","6189.593"
"USEP","24 Jun 2014","18","130.57","6372.549"
"USEP","24 Jun 2014","19","127.22","6443.933"
"USEP","24 Jun 2014","20","135.52","6496.535"
"USEP","24 Jun 2014","21","137.39","6578.799"
"USEP","24 Jun 2014","22","142.35","6625.601"
"USEP","24 Jun 2014","23","142.94","6612.103"
"USEP","24 Jun 2014","24","137.92","6559.843"
"USEP","24 Jun 2014","25","133.49","6518.930"
"USEP","24 Jun 2014","26","143.46","6562.363"
"USEP","24 Jun 2014","27","144.07","6642.256"
"USEP","24 Jun 2014","28","156.26","6691.832"
"USEP","24 Jun 2014","29","175.75","6707.577"
"USEP","24 Jun 2014","30","171.02","6700.445"
"USEP","24 Jun 2014","31","175.63","6699.893"
"USEP","24 Jun 2014","32","175.80","6696.568"
"USEP","24 Jun 2014","33","160.99","6683.974"
"USEP","24 Jun 2014","34","148.02","6647.633"
"USEP","24 Jun 2014","35","152.13","6558.899"
"USEP","24 Jun 2014","36","154.21","6406.986"
"USEP","24 Jun 2014","37","137.44","6287.607"
"USEP","24 Jun 2014","38","139.19","6277.940"
"USEP","24 Jun 2014","39","147.43","6301.627"
"USEP","24 Jun 2014","40","145.22","6272.622"
"USEP","24 Jun 2014","41","142.34","6213.747"
"USEP","24 Jun 2014","42","161.84","6186.358"
"USEP","24 Jun 2014","43","160.75","6157.631"
"USEP","24 Jun 2014","44","157.81","6088.807"
"USEP","24 Jun 2014","45","157.80","5994.521"
"USEP","24 Jun 2014","46","154.20","5885.375"
"USEP","24 Jun 2014","47","152.22","5784.543"
"USEP","24 Jun 2014","48","132.71","5591.677"
"USEP","25 Jun 2014","1","157.75","5392.634"
"USEP","25 Jun 2014","2","145.46","5283.935"
"USEP","25 Jun 2014","3","145.26","5243.176"
"USEP","25 Jun 2014","4","144.26","5185.594"
"USEP","25 Jun 2014","5","141.33","5134.403"
"USEP","25 Jun 2014","6","141.92","5088.644"
"USEP","25 Jun 2014","7","139.31","5048.004"
"USEP","25 Jun 2014","8","128.68","5021.827"
"USEP","25 Jun 2014","9","128.65","5011.703"
"USEP","25 Jun 2014","10","128.64","5018.532"
"USEP","25 Jun 2014","11","133.18","5052.676"
"USEP","25 Jun 2014","12","142.80","5138.548"
"USEP","25 Jun 2014","13","144.83","5276.927"
"USEP","25 Jun 2014","14","144.13","5419.889"
"USEP","25 Jun 2014","15","122.89","5611.915"
"USEP","25 Jun 2014","16","127.63","5899.743"
"USEP","25 Jun 2014","17","141.93","6170.305"
"USEP","25 Jun 2014","18","129.71","6325.468"
"USEP","25 Jun 2014","19","129.74","6391.778"
"USEP","25 Jun 2014","20","127.77","6443.953"
"USEP","25 Jun 2014","21","130.80","6517.241"
"USEP","25 Jun 2014","22","131.77","6571.906"
"USEP","25 Jun 2014","23","131.82","6566.225"
"USEP","25 Jun 2014","24","129.79","6508.876"
"USEP","25 Jun 2014","25","128.84","6462.402"
"USEP","25 Jun 2014","26","129.77","6479.851"
"USEP","25 Jun 2014","27","131.74","6549.009"
"USEP","25 Jun 2014","28","132.85","6589.917"
"USEP","25 Jun 2014","29","133.60","6609.305"
"USEP","25 Jun 2014","30","133.69","6617.307"
"USEP","25 Jun 2014","31","141.09","6624.105"
"USEP","25 Jun 2014","32","145.17","6638.504"
"USEP","25 Jun 2014","33","142.28","6629.523"
"USEP","25 Jun 2014","34","139.61","6591.482"
"USEP","25 Jun 2014","35","137.50","6501.530"
"USEP","25 Jun 2014","36","143.10","6353.603"
"USEP","25 Jun 2014","37","137.48","6228.836"
"USEP","25 Jun 2014","38","142.12","6216.546"
"USEP","25 Jun 2014","39","152.28","6236.699"
"USEP","25 Jun 2014","40","151.31","6214.990"
"USEP","25 Jun 2014","41","149.78","6169.201"
"USEP","25 Jun 2014","42","157.78","6139.854"
"USEP","25 Jun 2014","43","160.77","6119.372"
"USEP","25 Jun 2014","44","157.81","6047.213"
"USEP","25 Jun 2014","45","153.23","5952.937"
"USEP","25 Jun 2014","46","149.75","5842.961"
"USEP","25 Jun 2014","47","144.23","5725.823"
"USEP","25 Jun 2014","48","128.73","5527.390"
"USEP","26 Jun 2014","1","153.17","5326.831"
"USEP","26 Jun 2014","2","145.26","5218.411"
"USEP","26 Jun 2014","3","144.22","5171.459"
"USEP","26 Jun 2014","4","140.81","5117.505"
"USEP","26 Jun 2014","5","144.16","5067.899"
"USEP","26 Jun 2014","6","144.16","5026.514"
"USEP","26 Jun 2014","7","125.94","4982.345"
"USEP","26 Jun 2014","8","125.61","4954.712"
"USEP","26 Jun 2014","9","125.60","4943.868"
"USEP","26 Jun 2014","10","121.37","4949.419"
"USEP","26 Jun 2014","11","125.56","4976.471"
"USEP","26 Jun 2014","12","127.56","5061.065"
"USEP","26 Jun 2014","13","145.36","5193.521"
"USEP","26 Jun 2014","14","153.14","5336.870"
"USEP","26 Jun 2014","15","119.11","5524.046"
"USEP","26 Jun 2014","16","124.40","5818.951"
"USEP","26 Jun 2014","17","143.12","6123.492"
"USEP","26 Jun 2014","18","145.19","6325.016"
"USEP","26 Jun 2014","19","152.80","6442.770"
"USEP","26 Jun 2014","20","154.84","6539.884"
"USEP","26 Jun 2014","21","176.16","6646.217"
"USEP","26 Jun 2014","22","338.02","6705.141"
"USEP","26 Jun 2014","23","202.69","6691.519"
"USEP","26 Jun 2014","24","167.42","6627.003"
"USEP","26 Jun 2014","25","152.30","6578.526"
"USEP","26 Jun 2014","26","155.84","6592.616"
"USEP","26 Jun 2014","27","169.30","6658.344"
"USEP","26 Jun 2014","28","185.37","6698.641"
"USEP","26 Jun 2014","29","191.47","6708.556"
"USEP","26 Jun 2014","30","191.49","6707.542"
"USEP","26 Jun 2014","31","185.36","6694.376"
"USEP","26 Jun 2014","32","202.17","6691.896"
"USEP","26 Jun 2014","33","192.39","6677.424"
"USEP","26 Jun 2014","34","180.29","6637.803"
"USEP","26 Jun 2014","35","157.87","6553.318"
"USEP","26 Jun 2014","36","157.65","6409.585"
"USEP","26 Jun 2014","37","145.17","6292.318"
"USEP","26 Jun 2014","38","149.70","6283.536"
"USEP","26 Jun 2014","39","153.31","6304.335"
"USEP","26 Jun 2014","40","153.29","6283.516"
"USEP","26 Jun 2014","41","152.29","6236.674"
"USEP","26 Jun 2014","42","170.45","6200.592"
"USEP","26 Jun 2014","43","168.50","6155.563"
"USEP","26 Jun 2014","44","168.07","6071.565"
"USEP","26 Jun 2014","45","163.35","5964.815"
"USEP","26 Jun 2014","46","160.34","5858.566"
"USEP","26 Jun 2014","47","153.68","5757.347"
"USEP","26 Jun 2014","48","141.55","5587.453"
"USEP","27 Jun 2014","1","161.78","5399.905"
"USEP","27 Jun 2014","2","157.74","5294.590"
"USEP","27 Jun 2014","3","152.15","5223.450"
"USEP","27 Jun 2014","4","141.35","5162.622"
"USEP","27 Jun 2014","5","140.83","5128.324"
"USEP","27 Jun 2014","6","142.86","5083.798"
"USEP","27 Jun 2014","7","139.30","5037.994"
"USEP","27 Jun 2014","8","131.70","5018.596"
"USEP","27 Jun 2014","9","130.63","5003.120"
"USEP","27 Jun 2014","10","127.53","4994.000"
"USEP","27 Jun 2014","11","127.61","5014.526"
"USEP","27 Jun 2014","12","128.63","5092.962"
"USEP","27 Jun 2014","13","142.78","5222.744"
"USEP","27 Jun 2014","14","142.91","5358.753"
"USEP","27 Jun 2014","15","119.83","5526.461"
"USEP","27 Jun 2014","16","120.50","5796.456"
"USEP","27 Jun 2014","17","128.70","6079.512"
"USEP","27 Jun 2014","18","129.52","6276.121"
"USEP","27 Jun 2014","19","147.42","6404.555"
"USEP","27 Jun 2014","20","149.76","6490.313"
"USEP","27 Jun 2014","21","149.10","6553.004"
"USEP","27 Jun 2014","22","149.84","6585.344"
"USEP","27 Jun 2014","23","137.78","6581.915"
"USEP","27 Jun 2014","24","131.84","6527.369"
"USEP","27 Jun 2014","25","130.92","6475.293"
"USEP","27 Jun 2014","26","130.23","6465.662"
"USEP","27 Jun 2014","27","131.82","6508.155"
"USEP","27 Jun 2014","28","132.84","6532.543"
"USEP","27 Jun 2014","29","132.83","6540.728"
"USEP","27 Jun 2014","30","131.61","6527.702"
"USEP","27 Jun 2014","31","131.83","6526.246"
"USEP","27 Jun 2014","32","131.82","6527.757"
"USEP","27 Jun 2014","33","131.84","6519.179"
"USEP","27 Jun 2014","34","130.99","6458.813"
"USEP","27 Jun 2014","35","141.05","6354.438"
"USEP","27 Jun 2014","36","127.65","6184.707"
"USEP","27 Jun 2014","37","123.92","6056.586"
"USEP","27 Jun 2014","38","125.62","6050.990"
"USEP","27 Jun 2014","39","126.04","6075.765"
"USEP","27 Jun 2014","40","127.66","6079.398"
"USEP","27 Jun 2014","41","133.30","6085.909"
"USEP","27 Jun 2014","42","160.69","6072.758"
"USEP","27 Jun 2014","43","157.74","6025.672"
"USEP","27 Jun 2014","44","153.70","5946.436"
"USEP","27 Jun 2014","45","145.60","5832.861"
"USEP","27 Jun 2014","46","141.37","5732.065"
"USEP","27 Jun 2014","47","139.85","5627.153"
"USEP","27 Jun 2014","48","127.68","5509.066"
"USEP","28 Jun 2014","1","154.25","5399.825"
"USEP","28 Jun 2014","2","149.53","5303.442"
"USEP","28 Jun 2014","3","139.92","5215.856"
"USEP","28 Jun 2014","4","127.67","5150.853"
"USEP","28 Jun 2014","5","127.63","5088.698"
"USEP","28 Jun 2014","6","120.32","5015.918"
"USEP","28 Jun 2014","7","120.33","4960.169"
"USEP","28 Jun 2014","8","120.17","4928.371"
"USEP","28 Jun 2014","9","120.08","4906.264"
"USEP","28 Jun 2014","10","120.07","4896.160"
"USEP","28 Jun 2014","11","118.89","4904.430"
"USEP","28 Jun 2014","12","118.32","4943.529"
"USEP","28 Jun 2014","13","119.67","4988.766"
"USEP","28 Jun 2014","14","119.91","5018.079"
"USEP","28 Jun 2014","15","120.25","5082.704"
"USEP","28 Jun 2014","16","125.57","5255.009"
"USEP","28 Jun 2014","17","120.48","5490.756"
"USEP","28 Jun 2014","18","125.63","5670.074"
"USEP","28 Jun 2014","19","135.24","5797.157"
"USEP","28 Jun 2014","20","145.02","5898.227"
"USEP","28 Jun 2014","21","154.13","5987.562"
"USEP","28 Jun 2014","22","154.24","6042.372"
"USEP","28 Jun 2014","23","154.24","6039.951"
"USEP","28 Jun 2014","24","147.76","5989.729"
"USEP","28 Jun 2014","25","140.84","5942.872"
"USEP","28 Jun 2014","26","140.80","5908.609"
"USEP","28 Jun 2014","27","139.81","5886.746"
"USEP","28 Jun 2014","28","135.28","5875.131"
"USEP","28 Jun 2014","29","141.00","5860.316"
"USEP","28 Jun 2014","30","133.29","5834.765"
"USEP","28 Jun 2014","31","128.65","5801.998"
"USEP","28 Jun 2014","32","128.65","5762.079"
"USEP","28 Jun 2014","33","125.98","5700.883"
"USEP","28 Jun 2014","34","120.60","5643.161"
"USEP","28 Jun 2014","35","120.60","5594.172"
"USEP","28 Jun 2014","36","120.51","5547.603"
"USEP","28 Jun 2014","37","120.47","5539.601"
"USEP","28 Jun 2014","38","123.90","5594.023"
"USEP","28 Jun 2014","39","127.23","5665.387"
"USEP","28 Jun 2014","40","128.64","5713.258"
"USEP","28 Jun 2014","41","133.49","5762.317"
"USEP","28 Jun 2014","42","140.92","5800.487"
"USEP","28 Jun 2014","43","147.62","5807.858"
"USEP","28 Jun 2014","44","140.96","5755.066"
"USEP","28 Jun 2014","45","139.79","5681.167"
"USEP","28 Jun 2014","46","139.39","5619.072"
"USEP","28 Jun 2014","47","140.88","5557.688"
"USEP","28 Jun 2014","48","157.74","5473.789"
"USEP","29 Jun 2014","1","157.71","5363.932"
"USEP","29 Jun 2014","2","152.18","5267.529"
"USEP","29 Jun 2014","3","117.20","5184.192"
"USEP","29 Jun 2014","4","115.31","5108.926"
"USEP","29 Jun 2014","5","115.20","5047.288"
"USEP","29 Jun 2014","6","115.17","4988.031"
"USEP","29 Jun 2014","7","116.67","4932.178"
"USEP","29 Jun 2014","8","115.43","4889.347"
"USEP","29 Jun 2014","9","115.36","4862.414"
"USEP","29 Jun 2014","10","115.35","4850.402"
"USEP","29 Jun 2014","11","115.35","4853.339"
"USEP","29 Jun 2014","12","115.44","4883.219"
"USEP","29 Jun 2014","13","116.67","4921.905"
"USEP","29 Jun 2014","14","115.42","4908.760"
"USEP","29 Jun 2014","15","115.27","4866.848"
"USEP","29 Jun 2014","16","115.40","4907.855"
"USEP","29 Jun 2014","17","117.06","5010.028"
"USEP","29 Jun 2014","18","118.33","5133.672"
"USEP","29 Jun 2014","19","119.56","5263.613"
"USEP","29 Jun 2014","20","126.10","5360.065"
"USEP","29 Jun 2014","21","118.61","5427.185"
"USEP","29 Jun 2014","22","118.60","5467.114"
"USEP","29 Jun 2014","23","118.52","5466.443"
"USEP","29 Jun 2014","24","118.45","5438.706"
"USEP","29 Jun 2014","25","118.60","5409.229"
"USEP","29 Jun 2014","26","118.50","5397.077"
"USEP","29 Jun 2014","27","118.38","5416.579"
"USEP","29 Jun 2014","28","118.50","5435.396"
"USEP","29 Jun 2014","29","118.52","5431.271"
"USEP","29 Jun 2014","30","118.95","5423.035"
"USEP","29 Jun 2014","31","119.19","5417.380"
"USEP","29 Jun 2014","32","120.04","5409.527"
"USEP","29 Jun 2014","33","120.02","5407.300"
"USEP","29 Jun 2014","34","120.02","5402.599"
"USEP","29 Jun 2014","35","120.00","5390.333"
"USEP","29 Jun 2014","36","145.93","5389.140"
"USEP","29 Jun 2014","37","147.52","5426.430"
"USEP","29 Jun 2014","38","137.79","5513.996"
"USEP","29 Jun 2014","39","138.09","5598.014"
"USEP","29 Jun 2014","40","153.17","5645.507"
"USEP","29 Jun 2014","41","154.68","5691.902"
"USEP","29 Jun 2014","42","155.90","5731.553"
"USEP","29 Jun 2014","43","156.85","5753.476"
"USEP","29 Jun 2014","44","156.88","5719.382"
"USEP","29 Jun 2014","45","156.76","5646.347"
"USEP","29 Jun 2014","46","154.74","5568.224"
"USEP","29 Jun 2014","47","156.85","5482.844"
"USEP","29 Jun 2014","48","155.95","5382.068"
"USEP","30 Jun 2014","1","143.41","5261.510"
"USEP","30 Jun 2014","2","120.37","5159.710"
"USEP","30 Jun 2014","3","120.20","5066.776"
"USEP","30 Jun 2014","4","120.10","4996.401"
"USEP","30 Jun 2014","5","118.26","4923.516"
"USEP","30 Jun 2014","6","118.10","4867.379"
"USEP","30 Jun 2014","7","117.48","4822.689"
"USEP","30 Jun 2014","8","115.44","4789.728"
"USEP","30 Jun 2014","9","115.43","4779.808"
"USEP","30 Jun 2014","10","115.47","4796.318"
"USEP","30 Jun 2014","11","107.12","4839.448"
"USEP","30 Jun 2014","12","167.79","4932.616"
"USEP","30 Jun 2014","13","161.56","5067.561"
"USEP","30 Jun 2014","14","155.27","5223.162"
"USEP","30 Jun 2014","15","120.53","5422.419"
"USEP","30 Jun 2014","16","141.45","5701.584"
"USEP","30 Jun 2014","17","173.02","5991.852"
"USEP","30 Jun 2014","18","160.01","6206.660"
"USEP","30 Jun 2014","19","146.52","6344.413"
"USEP","30 Jun 2014","20","157.80","6437.343"
"USEP","30 Jun 2014","21","125.88","6494.110"
"USEP","30 Jun 2014","22","127.21","6535.535"
"USEP","30 Jun 2014","23","132.50","6527.847"
"USEP","30 Jun 2014","24","126.16","6470.736"
"USEP","30 Jun 2014","25","125.92","6435.295"
"USEP","30 Jun 2014","26","129.95","6466.258"
"USEP","30 Jun 2014","27","132.50","6510.138"
"USEP","30 Jun 2014","28","134.28","6528.045"
"USEP","30 Jun 2014","29","139.65","6524.606"
"USEP","30 Jun 2014","30","137.68","6507.614"
"USEP","30 Jun 2014","31","135.64","6500.874"
"USEP","30 Jun 2014","32","135.60","6509.318"
"USEP","30 Jun 2014","33","157.86","6484.965"
"USEP","30 Jun 2014","34","141.47","6423.974"
"USEP","30 Jun 2014","35","127.29","6320.130"
"USEP","30 Jun 2014","36","123.41","6170.792"
"USEP","30 Jun 2014","37","123.05","6052.406"
"USEP","30 Jun 2014","38","123.92","6044.907"
"USEP","30 Jun 2014","39","127.76","6063.778"
"USEP","30 Jun 2014","40","127.91","6064.210"
"USEP","30 Jun 2014","41","124.60","6038.118"
"USEP","30 Jun 2014","42","137.66","6005.763"
"USEP","30 Jun 2014","43","130.38","5957.743"
"USEP","30 Jun 2014","44","130.93","5875.653"
"USEP","30 Jun 2014","45","134.45","5766.766"
"USEP","30 Jun 2014","46","129.24","5679.840"
"USEP","30 Jun 2014","47","129.34","5577.125"
"USEP","30 Jun 2014","48","112.89","5265.094"
